Title,Published,Views,Likes,Comments
'роОройрпН роЪрпЖро▓рпНро▓родрпНродрпБроХрпНроХрпБ роОройрпНрой роЖроЪрпНроЪрпБ..'ЁЯШ▒ Cute родрпЗро╡родрпИропрпИ рокро╛родрпНродрпБроХрпНроХро┐роЯрпНроЯ VJS ЁЯе░ Thalaivan Thalaivii BTS,2025-08-06T15:35:05Z,613,26,1
'NA. Muthu ро╡рпЖро│ро┐родрпНродрпЖро░ро┐ропро╛рооро▓рпН роЪрпЖропрпНрод роЙродро╡ро┐' роирогрпНрокройро┐ройрпН ропро╛ро░рпБроорпН роЕро▒ро┐ропро╛ рокроХрпНроХроорпН - роХро▓роЩрпНроХро┐┬арокрпЗроЪро┐роп┬аSeeman,2025-08-06T13:43:51Z,4678,125,5
"""роЕро▓рпНро▓ро╛ роХрпКроЯрпБродрпНродрпБроЯрпНроЯрпБ рокрпЛрой роЕрооро┐ро░рпНродроорпН"" ЁЯЩП рокрпБроЯрпНроЯрпБ,рокрпБроЯрпНроЯрпБ ро╡рпИродрпНрод Doctor",2025-08-06T12:55:04Z,576,6,0
"родрпКроЯрпНроЯрпБ ро╡ро╛роЩрпНроХ,ро╡ро╛роЩрпНроХ роХро▓роЩрпНроХро┐роп Suriya ЁЯе║ роЕро░роЩрпНроХроорпЗ роЕродро┐ро░рпНроирпНрод Moment",2025-08-06T11:48:42Z,3014,71,0
'родрпИро░ро┐ропрооро╛ роЗро░рпБроЩрпНроХ родроорпНрокро┐..роиро╛роЩрпНроХ роЗро░рпБроХрпНроХрпЛроорпН' ЁЯЩП  роирпЗро░ро┐ро▓рпН ро╡роирпНродрпБ роЖро▒рпБродро▓рпН роЪрпКройрпНрой MLA,2025-08-06T11:35:05Z,8066,46,0
GOVT ро╡рпЗро▓ родрпЗро╡рпИ роЗро▓рпНро▓ЁЯШ▒ роОройрпН рокрпИропройрпБроХрпНроХрпБ роирпАродро┐ ро╡рпЗрогрпБроорпН ЁЯТФроЪроЯрпНроЯрпБройрпБ рооро╛ро▒ро┐роп Kavin роЕрокрпНрокро╛ роорпБроХроорпН,2025-08-06T11:25:04Z,9534,206,2
"""роиро╛ройрпБроорпН Saindhavi-ропрпБроорпН Concert-ро▓ роЪрпЗро░рпНроирпНродрпБ Perform рокрогрпНрогрпБро╡рпЛроорпН..""ЁЯО╢ЁЯе░ GV Prakash",2025-08-06T10:40:04Z,8663,180,1
роХро╛родро▓ро┐роХрпНроХрпБ родро╛ро▓ро┐ роХроЯрпНроЯро┐роп 60 роиро┐рооро┐роЯродрпНродро┐ро▓рпН роироЯроирпНрод ро╡ро┐ро╖ропроорпН ЁЯШ▓ 'роЗройро┐роорпЗ роирпА родро╛ройрпН роОройрпН роЙро▓роХроорпН',2025-08-06T09:55:04Z,15703,100,1
родро┐роЯрпАро░рпНройрпБ Saindhavi роХрпБроЯрпБродрпНрод REACTION..ЁЯе░ роЯроХрпНроХрпБройрпБ родро┐ро░рпБроорпНрокро┐роп GV..! тЭдя╕ПCute Moments!ЁЯШН,2025-08-06T07:00:06Z,143356,4483,10
"""роХро╡ро┐ройрпН роЙроЯроорпНрокрпБро▓ 40 ро╡рпЖроЯрпНроЯрпБ роХро╛ропроорпН роЗро░рпБроХрпНроХрпБ"" ЁЯТФ рооройроорпН роирпКроирпНродрпБ рокрпЗроЪро┐роп роХро╡ро┐ройрпН роЙро▒ро╡ро┐ройро░рпНроХро│рпН",2025-08-06T06:20:10Z,45983,415,2
Saindhavi Live Singing ЁЯШН роЗро╡роЩрпНроХ рокро╛роЯрпБро▒родрпБ роХрпЗроХрпНроХрпБро▒рокрпНрокрпЛ рооройроЪрпБ ро▓рпЗроЪро╛роХрпБродрпБ,2025-08-06T06:05:05Z,43250,2384,5
"'TV, роПроЪро┐, роорпЖродрпНродрпИ, роЯро╛ропрпНро▓рпЖроЯрпН роОрой A to Z' ЁЯФе 234 родрпКроХрпБродро┐ропрпИ роЕро▓роЪ Ready роЖроХрпБроорпН TVK Caravan",2025-08-06T05:21:18Z,2201,40,0
"'роОро▓рпНро▓ро╛ро░рпБроХрпНроХрпБроорпН роХрпИ роХро╛роЯрпНроЯрпБ Diya' ЁЯШН роороХро│рпБроХрпНроХро╛роХ Jyothika,Suriya роЪрпЖропрпНрод Cute роЪрпЖропро▓рпН",2025-08-06T04:05:04Z,139496,3009,3
роХрпЛро╡родрпНродро┐ройрпН роЙроЪрпНроЪро┐роХрпНроХрпЗ роЪрпЖройрпНро▒ рокрпЖрогрпН Councellor ЁЯШ▒SILENT-роЖроХ роХро┐ро│роорпНрокро┐роп Mayor ЁЯШ▓,2025-08-06T02:40:05Z,6585,47,1
ЁЯдг GopiтАУSudhakar ро╡роЯроХрпНроХрпБ роиройрпНрокро░рпН FUN ройро╛ роЗродрпБродро╛ройрпН!,2025-08-06T01:50:04Z,27770,969,2
ЁЯдг Dilli Vs Rolex ро╡ро░рпБроорпНрокрпЛродрпЗ роЪро┐ро░ро┐роЪрпНроЪрпБроЯрпНроЯро╛ро░рпБ Karthi! ЁЯФе,2025-08-06T01:35:05Z,21474,872,0
рокрогродрпНродрпИ ро╡ро┐роЯ роорпБроХрпНроХро┐ропрооро╛рой роЗро▓роХрпНроХрпБ роиро┐роорпНроородро┐ родро╛ройрпН..!ЁЯШп Soma Valliappan рокрпЗроЯрпНроЯро┐,2025-08-05T18:40:05Z,800,6,0
'роЪрпЖро▓рпНро▓роЩрпНроХро│ро╛ рокро╛роЯрпНроЯро┐ роХро┐роЯрпНроЯ ро╡ро╛роЩрпНроХЁЯдЧ..'роХро╛родро▓рпН роХро╡ро┐родрпИропрпИ рокро╛роХрпНроХ ро╡роирпНрод Actress NaliniЁЯе░,2025-08-05T18:35:04Z,1167,23,0
'Artist-роХрпНроХрпБ Wife-роЖ роЗро░рпБроХрпНроХрпБро▒родрпБ ро░рпКроорпНрок Kastam..' ЁЯе║ Actor Vignesh Wife Opens up,2025-08-05T18:15:04Z,922,15,0
роХрпЛро╡родрпНродро┐ройрпН роЙроЪрпНроЪро┐роХрпНроХрпЗ роЪрпЖройрпНро▒ рокрпЖрогрпН Councellor ЁЯШ▒SILENT-роЖроХ роХро┐ро│роорпНрокро┐роп Mayor ЁЯШ▓,2025-08-05T17:40:05Z,72330,300,3
Golden Voice ЁЯШН Siddharth роОро▓рпНро▓ро╛ро░рпИропрпБроорпН роХроЯрпНроЯро┐ рокрпЛроЯрпНроЯрпБроЯрпНроЯро╛ро░рпБ ЁЯе║ Beautiful Live Singing  тЪб,2025-08-05T17:00:16Z,54194,771,3
'Mani роХрпКроЮрпНроЪроорпН родро│рпНро│рпБроЩрпНроХ роОройрпН рокрпКрогрпНроЯро╛роЯрпНроЯро┐роп  Photo роОроЯрпБроХрпНроХрогрпБроорпН..' ЁЯдй Cute Alya Sanjeev ЁЯТХ,2025-08-05T16:00:12Z,3800,35,0
3 рокрпЖрогрпН роХрпБро┤роирпНродрпИроХрпНроХрпБ роирпЗро░рпНроирпНрод роЪрпЛроХроорпН ЁЯШб роХро┤рпБродрпНродрпИ роирпЖро▒ро┐родрпНрод роХроЯройрпНЁЯШн Emotional Video,2025-08-05T15:40:04Z,454466,5261,46
роЕроЬро┐родрпНродрпИ роЪро┐родрпИродрпНрод 5 Police роЗро╡роЩрпНроХ родро╛ройрпНЁЯШб2 роиро╛ро│рпН роХро╛ро╡ро▓ро┐ро▓рпН роОроЯрпБродрпНродрпБ ро╡ро┐роЪро╛ро░ро┐роХрпНроХрпБроорпН CBI..,2025-08-05T14:00:06Z,22330,200,2
роЙрогро░рпНроЪрпНроЪро┐ рокрпБропро▓рпН ро╡рпАроЪ рокро╛роЯро┐роп SiddharthЁЯе║Heartfelt Tribute to Na. MuthukumarЁЯШнLove Pouring PerformanceЁЯТЦ,2025-08-05T13:48:49Z,71207,945,23
Gopi X Sudhakar ЁЯдгро╡роЯроХрпНроХрпБ роиройрпНрокро░рпН рокро░ро┐родро╛рокроЩрпНроХро│рпН..ЁЯШВЁЯФе VERA LEVEL FUN,2025-08-05T13:00:23Z,19355,448,1
рокрпЛродрпБроорпНрокрпНрокро╛ЁЯШ▒  родроорпНрокро┐ роиро┐ро▒рпБродрпНродрпБроЩрпНроХ роЕродро┐роХроорпН роОроЯрпБродрпНродро╛роЪрпНроЪрпБ..ЁЯШ▓роЪроЯрпНроЯрпБройрпБ Suriya роХрпБроЯрпБродрпНрод Reaction,2025-08-05T12:15:05Z,23689,169,1
роЕроЯрокрпНрокро╛ро╡ро┐роХро│ро╛!' ЁЯШЖ роЗрокрпНрокроЯро┐ропро╛ Prank рокрогрпНрогрпБро╡рпАроЩрпНроХ !?ЁЯдгЁЯФеAshok Selvan,2025-08-05T12:05:16Z,290100,6785,2
роЯрпЗропрпН ЁЯШВ роОройрпНрой роПройрпНроЯро╛ рооро╛роЯрпНроЯро┐ ро╡ро┐роЯрпБро▒..? ЁЯШ▓ Parithabangal Gopi Sudhakar | Throwback,2025-08-05T11:50:11Z,4271,39,0
'Rajkiran рооро╛родро┐ро░ро┐ рокрпБро░рпБро╖ройрпН ро╡ро░рогрпБроорпН..' ЁЯШН Shock Reply роХрпБроЯрпБродрпНрод Actor Vignesh Wife ЁЯдг Cute Video,2025-08-05T11:25:09Z,106529,1211,3
ЁЯдг Fun рокрогрпНрогро╛ро░рпБ Sivakarthikeyan! ЁЯТеAnirudh роОройрпНрой роХрогрпНроЯро┐рокрпНрокро╛ родро┐роЯрпНроЯ рокрпЛро▒ро╛ро░рпБ...ЁЯШВ,2025-08-05T11:10:35Z,141074,3731,3
"""роОройрпН роЪрпКродрпНродрпБ роОройрпНройрпЛроЯ рокрпКрогрпНрогрпБ родро╛ройрпН,роЕро╡роЩрпНроХро│рпБроХрпНроХрпБ родрогрпНроЯройрпИ ро╡ро╛роЩрпНроХро┐ родро░рогрпБроорпН"" ЁЯШн Rithanya роЕрокрпНрокро╛",2025-08-05T09:45:06Z,133650,928,5
ЁЯОд роТро░рпЗ роорпЗроЯрпИропро┐ро▓рпН GV & Saindhavi Voice ЁЯО╢ роЕро░роЩрпНроХроорпН роорпБро┤рпБроХрпНроХ Goosebumps!ЁЯФе,2025-08-05T09:40:05Z,1094706,27489,32
'GOVT School-ро▓ рокроЯро┐роЪрпНроЪрпБ роЗройрпНройро┐роХрпНроХрпБ роЕроХро░родрпНродро╛ро▓ Doctor..' ЁЯе║ роЪро┐ро▓ро┐ро░рпНроХрпНроХ ро╡рпИродрпНрод роЗро│рпИроЮро░рпН ЁЯдН,2025-08-05T09:10:06Z,698248,28096,137
SURIYA-роХрпНроХрпЗ Surprise роЖропро┐ро░рпБроЪрпНроЪрпБ! роЕроирпНрод Gift родро╛ройрпН роЗродрпБ ЁЯОЙЁЯШН,2025-08-05T08:45:14Z,27035,549,5
'роОройроХрпНроХрпБ 70% рокро╛роЯрпНроЯрпБ роОро┤рпБродрпБройродрпБ Na.Muthukumar родро╛ройрпН..' ЁЯШ▒ GV Prakash 1st Time Reveals,2025-08-05T08:35:33Z,34149,523,1
Bike роТроЯрпНроЯро┐ро░ро▓ро╛рооро╛ рокро╛...? ЁЯШН Suriya-ро╡ро┐ройрпН Cute Moments!тЭдя╕П,2025-08-05T07:50:09Z,16527,392,2
"""роЗрокрпНрокроЯро┐ роЪро╛роХрпБро▒родрпБроХрпНроХро╛роХ роОройрпН роороХройрпИ ро╡ро│ро░рпНродрпНродрпЗройрпН"" ЁЯШн Police Station роорпБройрпНройро╛роЯро┐ роХродро▒ро┐ роЕро┤рпБрод роЕроорпНрооро╛",2025-08-05T07:40:07Z,68826,389,1
'ро╡ро╛роЩрпНроХ рооро╛рокрпНрокро┐ро│рпИ ро╡ро╛роЩрпНроХ' ЁЯШН роХрогро╡ройрпН Nicholai-роР роЖро░рпНродрпНродро┐ роОроЯрпБродрпНродрпБ ро╡ро░ро╡рпЗро▒рпНро▒ Varalaxmi,2025-08-05T07:00:06Z,192709,2891,13
"'Saindhavi-роР рокро╛роЯ  роЪрпКро▓рпНро▓рпБроЩрпНроХ' ЁЯШН роТро░рпЗ Stage-ро▓ рокро╛роЯрпНроЯрпБ рокро╛роЯро┐ роОро▓рпНро▓ро╛ро░рпИропрпБроорпН Emotional роЖроХрпНроХро┐роп Saindhavi,GV",2025-08-05T04:51:30Z,606458,14962,29
'роЕрокрпНрокро╛роХрпНроХрпБ рокрпБроЯро┐роЪрпНроЪ роорпАройрпН'ЁЯШЛродрпЗроЯро┐ родрпЗроЯро┐ ро╡ро╛роЩрпНроХро┐роп Vjs роороХройрпН,2025-08-04T18:15:05Z,5116,74,1
'роОроЩрпНроХро│рпИ роЖроЪро┐ро░рпНро╡ро╛родроорпН рокрогрпНрогрпБроЩрпНроХ Kala Master' ЁЯШН роХро╛ро▓ро┐ро▓рпН ро╡ро┐ро┤рпБроирпНрод Sandy Master,2025-08-04T17:40:07Z,4174,42,0
рокрпНрокро╛.. роорпВроЪрпНроЪрпБ ро╡ро┐роЯро╛роо рокро╛роЯро┐ роЕроЪродрпНродро┐роп Super Singer PoojaЁЯШНрооро┐ро░ро│ро╡роЪрпНроЪрпБроЯрпНроЯро╛роЩрпНроХ,2025-08-04T16:35:04Z,14937,143,0
'родроЩрпНроХроХрпНроХроЯрпНроЯро┐роХро│ро╛ЁЯе░рокро╛роЯрпНроЯро┐ ро╡роирпНродрпБро░рпБроХрпНроХрпЗройрпН рокро╛ро░рпБроЩрпНроХЁЯШН'Kannika Snekan's Babies-роЕ родрпВроХрпНроХро┐ роХрпКроЮрпНроЪро┐роп роироЯро┐роХрпИ Nalini,2025-08-04T15:55:05Z,298475,3804,10
'роОройрпНройрпЛроЯ рокрпКрогрпНрогрпБ роЗроЩрпНроХ родро╛ройрпН роЗро░рпБроХрпНроХро╛..' ро░роХроЪро┐роп родроХро╡ро▓рпИ роХрпВро▒ро┐роп роорпАро░ро╛ рооро┐родрпБройро┐ройрпН родро╛ропрпН,2025-08-04T15:25:05Z,171279,1960,18
роЕроирпНрод рооройроЪрпБродро╛ройрпНЁЯЩПЁЯП╗..роЕроХро░роорпН рооро╛рогро╡ро░рпНроХро│рпН рокрпЗроЪ рокрпЗроЪ роХрогрпНроХро▓роЩрпНроХро┐роп SuriyaЁЯе╣,2025-08-04T14:50:04Z,326749,8669,95
"""2500 рокрпЗро░рпБроХрпНроХрпБ роЗро▓ро╡роЪ рооро░рпБродрпНродрпБро╡роорпНЁЯЩПЁЯП╗..""2008-ро▓ Suriya sir ро╡ро┐родрпИроЪрпНроЪ ро╡ро┐родрпИ..",2025-08-04T14:10:05Z,1486612,50834,315
'51 роЯро╛роХрпНроЯро░рпНроХро│рпИ роЙро░рпБро╡ро╛роХрпНроХро┐роп роЕроХро░роорпН... роЖройро╛ро▓рпН 2017-роХрпНроХрпБ рокро┐ро▒роХрпБ..!' роорпЗроЯрпИропро┐ро▓рпН роХрпКроирпНродро│ро┐родрпНрод роХрооро▓рпН,2025-08-04T13:45:49Z,38186,541,4
рокрпВроЯрпНроЯро┐роп роХро┐рогро▒рпНро▒ро┐ро▓рпН роХро┐роЯроирпНрод рооро╛рогро╡ройро┐ройрпН роЙроЯро▓рпНЁЯШироХродро▒ро┐ родрпБроЯро┐родрпНрод роХрпБроЯрпБроорпНрокроорпНЁЯШн,2025-08-04T13:30:07Z,685204,12336,149
Pls роЪрогрпНроЯрпИ рокрпЛроЯро╛родрпАроЩрпНроХ рокрпЛродрпБроорпН..ЁЯдгродро╛рооро░рпИ рокрпВро╡рпБроХрпНроХрпБроорпН Vignesh Vs Wife родро┐роЯрпАро░рпН роЪрогрпНроЯрпИЁЯФеBreaking Couple Interview,2025-08-04T12:24:09Z,38251,329,13
